{
    "loss": 1.856439471244812,
    "accuracy": 0.7486631274223328
}